,video_file,anchor,sample1,sample2,selected
0,/media/newdrive1/shuki/data/THEMIS/0015/0015.MP4,"(467392, 467632)","(212247, 212487)","(121138, 121378)",0
1,/media/newdrive1/shuki/data/THEMIS/0015/0015.MP4,"(263424, 263664)","(273763, 274003)","(124365, 124605)",1
2,/media/newdrive1/shuki/data/THEMIS/0015/0015.MP4,"(449342, 449582)","(101683, 101923)","(91755, 91995)",1
3,/media/newdrive1/shuki/data/THEMIS/0015/0015.MP4,"(69888, 70128)","(62445, 62685)","(327447, 327687)",1
4,/media/newdrive1/shuki/data/THEMIS/0015/0015.MP4,"(458924, 459164)","(376422, 376662)","(460125, 460365)",1
5,/media/newdrive1/shuki/data/THEMIS/0015/0015.MP4,"(415025, 415265)","(1786, 2026)","(403957, 404197)",2
6,/media/newdrive1/shuki/data/THEMIS/0015/0015.MP4,"(346995, 347235)","(48793, 49033)","(51848, 52088)",1
7,/media/newdrive1/shuki/data/THEMIS/0015/0015.MP4,"(445223, 445463)","(191153, 191393)","(159485, 159725)",0
8,/media/newdrive1/shuki/data/THEMIS/0015/0015.MP4,"(117090, 117330)","(416842, 417082)","(384407, 384647)",1
9,/media/newdrive1/shuki/data/THEMIS/0015/0015.MP4,"(209819, 210059)","(325974, 326214)","(420296, 420536)",0
10,/media/newdrive1/shuki/data/THEMIS/0015/0015.MP4,"(385943, 386183)","(136158, 136398)","(467777, 468017)",0
11,/media/newdrive1/shuki/data/THEMIS/0015/0015.MP4,"(395987, 396227)","(64596, 64836)","(316031, 316271)",2
12,/media/newdrive1/shuki/data/THEMIS/0015/0015.MP4,"(331508, 331748)","(136622, 136862)","(171120, 171360)",0
13,/media/newdrive1/shuki/data/THEMIS/0015/0015.MP4,"(65140, 65380)","(212183, 212423)","(336135, 336375)",2
14,/media/newdrive1/shuki/data/THEMIS/0015/0015.MP4,"(352832, 353072)","(310097, 310337)","(201363, 201603)",0
15,/media/newdrive1/shuki/data/THEMIS/0015/0015.MP4,"(80339, 80579)","(39775, 40015)","(284829, 285069)",0
16,/media/newdrive1/shuki/data/THEMIS/0015/0015.MP4,"(231283, 231523)","(147997, 148237)","(14055, 14295)",1
17,/media/newdrive1/shuki/data/THEMIS/0015/0015.MP4,"(283886, 284126)","(1894, 2134)","(406438, 406678)",0
18,/media/newdrive1/shuki/data/THEMIS/0015/0015.MP4,"(173484, 173724)","(404198, 404438)","(228284, 228524)",1
19,/media/newdrive1/shuki/data/THEMIS/0015/0015.MP4,"(159991, 160231)","(8988, 9228)","(315764, 316004)",2
20,/media/newdrive1/shuki/data/THEMIS/0015/0015.MP4,"(120626, 120866)","(151588, 151828)","(237171, 237411)",2
21,/media/newdrive1/shuki/data/THEMIS/0015/0015.MP4,"(59710, 59950)","(13068, 13308)","(13496, 13736)",1
22,/media/newdrive1/shuki/data/THEMIS/0015/0015.MP4,"(227985, 228225)","(182868, 183108)","(34723, 34963)",0
23,/media/newdrive1/shuki/data/THEMIS/0015/0015.MP4,"(82931, 83171)","(385433, 385673)","(294608, 294848)",1
24,/media/newdrive1/shuki/data/THEMIS/0015/0015.MP4,"(1888, 2128)","(455339, 455579)","(393528, 393768)",1
25,/media/newdrive1/shuki/data/THEMIS/0015/0015.MP4,"(302567, 302807)","(218210, 218450)","(365107, 365347)",1
26,/media/newdrive1/shuki/data/THEMIS/0015/0015.MP4,"(25178, 25418)","(248050, 248290)","(111274, 111514)",0
27,/media/newdrive1/shuki/data/THEMIS/0015/0015.MP4,"(259257, 259497)","(244924, 245164)","(392571, 392811)",2
28,/media/newdrive1/shuki/data/THEMIS/0015/0015.MP4,"(3020, 3260)","(195764, 196004)","(426947, 427187)",2
29,/media/newdrive1/shuki/data/THEMIS/0015/0015.MP4,"(187307, 187547)","(262197, 262437)","(201433, 201673)",0
30,/media/newdrive1/shuki/data/THEMIS/0015/0015.MP4,"(12299, 12539)","(54379, 54619)","(133795, 134035)",2
31,/media/newdrive1/shuki/data/THEMIS/0015/0015.MP4,"(174942, 175182)","(417961, 418201)","(148149, 148389)",0
32,/media/newdrive1/shuki/data/THEMIS/0015/0015.MP4,"(32815, 33055)","(72262, 72502)","(135225, 135465)",1
33,/media/newdrive1/shuki/data/THEMIS/0015/0015.MP4,"(285376, 285616)","(382980, 383220)","(32786, 33026)",1
,video_file,anchor,sample1,sample2,selected
0,/media/newdrive1/shuki/data/THEMIS/0015/0015.MP4,"(105312, 105552)","(411005, 411245)","(248461, 248701)",2
1,/media/newdrive1/shuki/data/THEMIS/0015/0015.MP4,"(454530, 454770)","(251092, 251332)","(120580, 120820)",0
2,/media/newdrive1/shuki/data/THEMIS/0015/0015.MP4,"(197859, 198099)","(425628, 425868)","(379027, 379267)",1
3,/media/newdrive1/shuki/data/THEMIS/0015/0015.MP4,"(79283, 79523)","(75402, 75642)","(418363, 418603)",1
4,/media/newdrive1/shuki/data/THEMIS/0015/0015.MP4,"(84279, 84519)","(84671, 84911)","(402699, 402939)",2
5,/media/newdrive1/shuki/data/THEMIS/0015/0015.MP4,"(110132, 110372)","(73148, 73388)","(156266, 156506)",1
6,/media/newdrive1/shuki/data/THEMIS/0015/0015.MP4,"(110902, 111142)","(165949, 166189)","(238331, 238571)",2
7,/media/newdrive1/shuki/data/THEMIS/0015/0015.MP4,"(206469, 206709)","(152899, 153139)","(94030, 94270)",0
8,/media/newdrive1/shuki/data/THEMIS/0015/0015.MP4,"(207451, 207691)","(263744, 263984)","(160826, 161066)",1
9,/media/newdrive1/shuki/data/THEMIS/0015/0015.MP4,"(304313, 304553)","(293605, 293845)","(333276, 333516)",2
10,/media/newdrive1/shuki/data/THEMIS/0015/0015.MP4,"(274787, 275027)","(206348, 206588)","(114980, 115220)",2
11,/media/newdrive1/shuki/data/THEMIS/0015/0015.MP4,"(341096, 341336)","(284027, 284267)","(292025, 292265)",2
12,/media/newdrive1/shuki/data/THEMIS/0015/0015.MP4,"(315216, 315456)","(194860, 195100)","(17241, 17481)",2
13,/media/newdrive1/shuki/data/THEMIS/0015/0015.MP4,"(184438, 184678)","(408039, 408279)","(443495, 443735)",2
14,/media/newdrive1/shuki/data/THEMIS/0015/0015.MP4,"(334164, 334404)","(304235, 304475)","(400681, 400921)",1
15,/media/newdrive1/shuki/data/THEMIS/0015/0015.MP4,"(199111, 199351)","(244219, 244459)","(437893, 438133)",1
16,/media/newdrive1/shuki/data/THEMIS/0015/0015.MP4,"(227074, 227314)","(464905, 465145)","(321406, 321646)",1
17,/media/newdrive1/shuki/data/THEMIS/0015/0015.MP4,"(57020, 57260)","(17452, 17692)","(143570, 143810)",1
18,/media/newdrive1/shuki/data/THEMIS/0015/0015.MP4,"(461112, 461352)","(400853, 401093)","(364877, 365117)",2
19,/media/newdrive1/shuki/data/THEMIS/0015/0015.MP4,"(361736, 361976)","(310091, 310331)","(430206, 430446)",2
20,/media/newdrive1/shuki/data/THEMIS/0015/0015.MP4,"(333121, 333361)","(44720, 44960)","(380584, 380824)",2
21,/media/newdrive1/shuki/data/THEMIS/0015/0015.MP4,"(104763, 105003)","(143340, 143580)","(251021, 251261)",2
22,/media/newdrive1/shuki/data/THEMIS/0015/0015.MP4,"(216346, 216586)","(122656, 122896)","(203430, 203670)",2
23,/media/newdrive1/shuki/data/THEMIS/0015/0015.MP4,"(8655, 8895)","(160379, 160619)","(159683, 159923)",2
24,/media/newdrive1/shuki/data/THEMIS/0015/0015.MP4,"(340659, 340899)","(162541, 162781)","(340044, 340284)",2
25,/media/newdrive1/shuki/data/THEMIS/0015/0015.MP4,"(147540, 147780)","(82033, 82273)","(265834, 266074)",2
26,/media/newdrive1/shuki/data/THEMIS/0015/0015.MP4,"(434548, 434788)","(52444, 52684)","(306, 546)",0
27,/media/newdrive1/shuki/data/THEMIS/0015/0015.MP4,"(185159, 185399)","(127188, 127428)","(351858, 352098)",1
28,/media/newdrive1/shuki/data/THEMIS/0015/0015.MP4,"(100769, 101009)","(84703, 84943)","(114986, 115226)",2
29,/media/newdrive1/shuki/data/THEMIS/0015/0015.MP4,"(39288, 39528)","(146345, 146585)","(438393, 438633)",1
30,/media/newdrive1/shuki/data/THEMIS/0015/0015.MP4,"(62039, 62279)","(326778, 327018)","(344195, 344435)",0
31,/media/newdrive1/shuki/data/THEMIS/0015/0015.MP4,"(467811, 468051)","(216261, 216501)","(379714, 379954)",0
32,/media/newdrive1/shuki/data/THEMIS/0015/0015.MP4,"(68991, 69231)","(417966, 418206)","(466533, 466773)",2
33,/media/newdrive1/shuki/data/THEMIS/0015/0015.MP4,"(333289, 333529)","(303360, 303600)","(35615, 35855)",0
34,/media/newdrive1/shuki/data/THEMIS/0015/0015.MP4,"(304231, 304471)","(225191, 225431)","(394175, 394415)",1
35,/media/newdrive1/shuki/data/THEMIS/0015/0015.MP4,"(358220, 358460)","(294409, 294649)","(330155, 330395)",1
36,/media/newdrive1/shuki/data/THEMIS/0015/0015.MP4,"(74646, 74886)","(287865, 288105)","(341300, 341540)",2
37,/media/newdrive1/shuki/data/THEMIS/0015/0015.MP4,"(185101, 185341)","(93119, 93359)","(194488, 194728)",2
38,/media/newdrive1/shuki/data/THEMIS/0015/0015.MP4,"(80397, 80637)","(233848, 234088)","(220914, 221154)",1
39,/media/newdrive1/shuki/data/THEMIS/0015/0015.MP4,"(350510, 350750)","(436666, 436906)","(324398, 324638)",0
40,/media/newdrive1/shuki/data/THEMIS/0015/0015.MP4,"(287010, 287250)","(139167, 139407)","(161368, 161608)",2
41,/media/newdrive1/shuki/data/THEMIS/0015/0015.MP4,"(219345, 219585)","(204918, 205158)","(414949, 415189)",1
42,/media/newdrive1/shuki/data/THEMIS/0015/0015.MP4,"(319726, 319966)","(107313, 107553)","(91907, 92147)",2
43,/media/newdrive1/shuki/data/THEMIS/0015/0015.MP4,"(227643, 227883)","(245354, 245594)","(184249, 184489)",1
44,/media/newdrive1/shuki/data/THEMIS/0015/0015.MP4,"(333884, 334124)","(197574, 197814)","(149558, 149798)",1
45,/media/newdrive1/shuki/data/THEMIS/0015/0015.MP4,"(450060, 450300)","(418927, 419167)","(194758, 194998)",1
46,/media/newdrive1/shuki/data/THEMIS/0015/0015.MP4,"(163239, 163479)","(446778, 447018)","(79035, 79275)",1
47,/media/newdrive1/shuki/data/THEMIS/0015/0015.MP4,"(48497, 48737)","(372892, 373132)","(182780, 183020)",2
48,/media/newdrive1/shuki/data/THEMIS/0015/0015.MP4,"(315814, 316054)","(62114, 62354)","(256866, 257106)",2
49,/media/newdrive1/shuki/data/THEMIS/0015/0015.MP4,"(249114, 249354)","(303078, 303318)","(12536, 12776)",2
50,/media/newdrive1/shuki/data/THEMIS/0015/0015.MP4,"(468214, 468454)","(4902, 5142)","(419916, 420156)",1
51,/media/newdrive1/shuki/data/THEMIS/0015/0015.MP4,"(131715, 131955)","(439667, 439907)","(161140, 161380)",2
52,/media/newdrive1/shuki/data/THEMIS/0015/0015.MP4,"(175291, 175531)","(448974, 449214)","(287836, 288076)",1
53,/media/newdrive1/shuki/data/THEMIS/0015/0015.MP4,"(380067, 380307)","(264185, 264425)","(442366, 442606)",0
54,/media/newdrive1/shuki/data/THEMIS/0015/0015.MP4,"(250915, 251155)","(263210, 263450)","(241466, 241706)",1
55,/media/newdrive1/shuki/data/THEMIS/0015/0015.MP4,"(227201, 227441)","(117615, 117855)","(257944, 258184)",2
56,/media/newdrive1/shuki/data/THEMIS/0015/0015.MP4,"(184462, 184702)","(351612, 351852)","(357629, 357869)",2
57,/media/newdrive1/shuki/data/THEMIS/0015/0015.MP4,"(354038, 354278)","(244826, 245066)","(125029, 125269)",0
58,/media/newdrive1/shuki/data/THEMIS/0015/0015.MP4,"(322338, 322578)","(210199, 210439)","(122684, 122924)",1
59,/media/newdrive1/shuki/data/THEMIS/0015/0015.MP4,"(262142, 262382)","(10259, 10499)","(439697, 439937)",1
60,/media/newdrive1/shuki/data/THEMIS/0015/0015.MP4,"(126385, 126625)","(313292, 313532)","(381681, 381921)",1
61,/media/newdrive1/shuki/data/THEMIS/0015/0015.MP4,"(26370, 26610)","(1686, 1926)","(68204, 68444)",2
62,/media/newdrive1/shuki/data/THEMIS/0015/0015.MP4,"(265226, 265466)","(136917, 137157)","(98004, 98244)",0
63,/media/newdrive1/shuki/data/THEMIS/0015/0015.MP4,"(378668, 378908)","(147875, 148115)","(290619, 290859)",0
64,/media/newdrive1/shuki/data/THEMIS/0015/0015.MP4,"(50441, 50681)","(60795, 61035)","(419540, 419780)",1
65,/media/newdrive1/shuki/data/THEMIS/0015/0015.MP4,"(23702, 23942)","(15684, 15924)","(130814, 131054)",1
66,/media/newdrive1/shuki/data/THEMIS/0015/0015.MP4,"(148965, 149205)","(323922, 324162)","(447415, 447655)",1
67,/media/newdrive1/shuki/data/THEMIS/0015/0015.MP4,"(93274, 93514)","(412974, 413214)","(41642, 41882)",0
68,/media/newdrive1/shuki/data/THEMIS/0015/0015.MP4,"(138469, 138709)","(160942, 161182)","(7719, 7959)",2
69,/media/newdrive1/shuki/data/THEMIS/0015/0015.MP4,"(255138, 255378)","(8420, 8660)","(406959, 407199)",2
70,/media/newdrive1/shuki/data/THEMIS/0015/0015.MP4,"(23421, 23661)","(148554, 148794)","(106544, 106784)",2
71,/media/newdrive1/shuki/data/THEMIS/0015/0015.MP4,"(319676, 319916)","(59374, 59614)","(364364, 364604)",1
72,/media/newdrive1/shuki/data/THEMIS/0015/0015.MP4,"(309707, 309947)","(285702, 285942)","(467259, 467499)",0
73,/media/newdrive1/shuki/data/THEMIS/0015/0015.MP4,"(447291, 447531)","(83539, 83779)","(107407, 107647)",2
74,/media/newdrive1/shuki/data/THEMIS/0015/0015.MP4,"(326977, 327217)","(118877, 119117)","(391899, 392139)",2
75,/media/newdrive1/shuki/data/THEMIS/0015/0015.MP4,"(4821, 5061)","(469719, 469959)","(65653, 65893)",1
76,/media/newdrive1/shuki/data/THEMIS/0015/0015.MP4,"(238792, 239032)","(363955, 364195)","(400291, 400531)",0
77,/media/newdrive1/shuki/data/THEMIS/0015/0015.MP4,"(151961, 152201)","(412247, 412487)","(244317, 244557)",1
78,/media/newdrive1/shuki/data/THEMIS/0015/0015.MP4,"(264869, 265109)","(55884, 56124)","(196384, 196624)",1
79,/media/newdrive1/shuki/data/THEMIS/0015/0015.MP4,"(286273, 286513)","(238096, 238336)","(145728, 145968)",0
80,/media/newdrive1/shuki/data/THEMIS/0015/0015.MP4,"(134215, 134455)","(22171, 22411)","(383910, 384150)",2
81,/media/newdrive1/shuki/data/THEMIS/0015/0015.MP4,"(241921, 242161)","(322160, 322400)","(449819, 450059)",0
82,/media/newdrive1/shuki/data/THEMIS/0015/0015.MP4,"(339937, 340177)","(126892, 127132)","(110302, 110542)",0
83,/media/newdrive1/shuki/data/THEMIS/0015/0015.MP4,"(9155, 9395)","(220183, 220423)","(279463, 279703)",2
84,/media/newdrive1/shuki/data/THEMIS/0015/0015.MP4,"(192377, 192617)","(228674, 228914)","(302798, 303038)",1
85,/media/newdrive1/shuki/data/THEMIS/0015/0015.MP4,"(145610, 145850)","(418172, 418412)","(96148, 96388)",0
86,/media/newdrive1/shuki/data/THEMIS/0015/0015.MP4,"(444684, 444924)","(98088, 98328)","(136680, 136920)",1
87,/media/newdrive1/shuki/data/THEMIS/0015/0015.MP4,"(80384, 80624)","(12703, 12943)","(150543, 150783)",2
88,/media/newdrive1/shuki/data/THEMIS/0015/0015.MP4,"(220285, 220525)","(8727, 8967)","(332711, 332951)",2
89,/media/newdrive1/shuki/data/THEMIS/0015/0015.MP4,"(73571, 73811)","(110506, 110746)","(267485, 267725)",2
90,/media/newdrive1/shuki/data/THEMIS/0015/0015.MP4,"(98787, 99027)","(143402, 143642)","(313895, 314135)",0
91,/media/newdrive1/shuki/data/THEMIS/0015/0015.MP4,"(98905, 99145)","(396477, 396717)","(381167, 381407)",2
92,/media/newdrive1/shuki/data/THEMIS/0015/0015.MP4,"(54525, 54765)","(223484, 223724)","(269062, 269302)",2
93,/media/newdrive1/shuki/data/THEMIS/0015/0015.MP4,"(259465, 259705)","(35766, 36006)","(231740, 231980)",1
94,/media/newdrive1/shuki/data/THEMIS/0015/0015.MP4,"(47706, 47946)","(110201, 110441)","(191521, 191761)",0
95,/media/newdrive1/shuki/data/THEMIS/0015/0015.MP4,"(5009, 5249)","(235894, 236134)","(418260, 418500)",1
96,/media/newdrive1/shuki/data/THEMIS/0015/0015.MP4,"(98735, 98975)","(379317, 379557)","(105608, 105848)",0
97,/media/newdrive1/shuki/data/THEMIS/0015/0015.MP4,"(101220, 101460)","(37642, 37882)","(166755, 166995)",1
98,/media/newdrive1/shuki/data/THEMIS/0015/0015.MP4,"(63625, 63865)","(386425, 386665)","(214409, 214649)",2
99,/media/newdrive1/shuki/data/THEMIS/0015/0015.MP4,"(193249, 193489)","(410081, 410321)","(245488, 245728)",0
100,/media/newdrive1/shuki/data/THEMIS/0015/0015.MP4,"(396624, 396864)","(229427, 229667)","(120776, 121016)",0
101,/media/newdrive1/shuki/data/THEMIS/0015/0015.MP4,"(246975, 247215)","(126901, 127141)","(250404, 250644)",1
102,/media/newdrive1/shuki/data/THEMIS/0015/0015.MP4,"(371813, 372053)","(428214, 428454)","(288131, 288371)",2
103,/media/newdrive1/shuki/data/THEMIS/0015/0015.MP4,"(47844, 48084)","(295618, 295858)","(127993, 128233)",1
104,/media/newdrive1/shuki/data/THEMIS/0015/0015.MP4,"(80031, 80271)","(42859, 43099)","(279059, 279299)",2
105,/media/newdrive1/shuki/data/THEMIS/0015/0015.MP4,"(80966, 81206)","(369729, 369969)","(193272, 193512)",1
106,/media/newdrive1/shuki/data/THEMIS/0015/0015.MP4,"(295910, 296150)","(258696, 258936)","(137921, 138161)",0
107,/media/newdrive1/shuki/data/THEMIS/0015/0015.MP4,"(443072, 443312)","(329899, 330139)","(140067, 140307)",1
108,/media/newdrive1/shuki/data/THEMIS/0015/0015.MP4,"(393807, 394047)","(43400, 43640)","(419122, 419362)",0
109,/media/newdrive1/shuki/data/THEMIS/0015/0015.MP4,"(138042, 138282)","(308494, 308734)","(408449, 408689)",1
110,/media/newdrive1/shuki/data/THEMIS/0015/0015.MP4,"(108543, 108783)","(178921, 179161)","(98467, 98707)",0
111,/media/newdrive1/shuki/data/THEMIS/0015/0015.MP4,"(158613, 158853)","(160328, 160568)","(253747, 253987)",0
112,/media/newdrive1/shuki/data/THEMIS/0015/0015.MP4,"(278078, 278318)","(161322, 161562)","(293368, 293608)",1
113,/media/newdrive1/shuki/data/THEMIS/0015/0015.MP4,"(294749, 294989)","(42888, 43128)","(294644, 294884)",1
114,/media/newdrive1/shuki/data/THEMIS/0015/0015.MP4,"(119435, 119675)","(352108, 352348)","(442179, 442419)",2
115,/media/newdrive1/shuki/data/THEMIS/0015/0015.MP4,"(218828, 219068)","(420576, 420816)","(348405, 348645)",1
116,/media/newdrive1/shuki/data/THEMIS/0015/0015.MP4,"(451649, 451889)","(170934, 171174)","(9007, 9247)",1
117,/media/newdrive1/shuki/data/THEMIS/0015/0015.MP4,"(88978, 89218)","(288462, 288702)","(435922, 436162)",0
118,/media/newdrive1/shuki/data/THEMIS/0015/0015.MP4,"(5970, 6210)","(396007, 396247)","(355236, 355476)",0
119,/media/newdrive1/shuki/data/THEMIS/0015/0015.MP4,"(16230, 16470)","(450430, 450670)","(50642, 50882)",0
120,/media/newdrive1/shuki/data/THEMIS/0015/0015.MP4,"(79853, 80093)","(362859, 363099)","(370543, 370783)",1
121,/media/newdrive1/shuki/data/THEMIS/0015/0015.MP4,"(422411, 422651)","(444039, 444279)","(467203, 467443)",0
122,/media/newdrive1/shuki/data/THEMIS/0015/0015.MP4,"(283955, 284195)","(422439, 422679)","(29114, 29354)",2
123,/media/newdrive1/shuki/data/THEMIS/0015/0015.MP4,"(417152, 417392)","(470539, 470779)","(53049, 53289)",0
124,/media/newdrive1/shuki/data/THEMIS/0015/0015.MP4,"(408970, 409210)","(32077, 32317)","(314384, 314624)",0
125,/media/newdrive1/shuki/data/THEMIS/0015/0015.MP4,"(141692, 141932)","(368684, 368924)","(446133, 446373)",2
126,/media/newdrive1/shuki/data/THEMIS/0015/0015.MP4,"(44964, 45204)","(127768, 128008)","(102391, 102631)",2
127,/media/newdrive1/shuki/data/THEMIS/0015/0015.MP4,"(190038, 190278)","(307858, 308098)","(337157, 337397)",2
128,/media/newdrive1/shuki/data/THEMIS/0015/0015.MP4,"(179143, 179383)","(135298, 135538)","(469163, 469403)",2
129,/media/newdrive1/shuki/data/THEMIS/0015/0015.MP4,"(143523, 143763)","(377165, 377405)","(409908, 410148)",2
,video_file,anchor,sample1,sample2,selected
0,/mnt/storage2/shuki/data/THEMIS/0015/0015.MP4,"(104717, 104957)","(24607, 24847)","(403071, 403311)",1
1,/mnt/storage2/shuki/data/THEMIS/0015/0015.MP4,"(122815, 123055)","(424965, 425205)","(154351, 154591)",2
2,/mnt/storage2/shuki/data/THEMIS/0015/0015.MP4,"(10502, 10742)","(366811, 367051)","(446653, 446893)",1
3,/mnt/storage2/shuki/data/THEMIS/0015/0015.MP4,"(435061, 435301)","(393135, 393375)","(391430, 391670)",1
4,/mnt/storage2/shuki/data/THEMIS/0015/0015.MP4,"(443181, 443421)","(85138, 85378)","(276851, 277091)",1
5,/mnt/storage2/shuki/data/THEMIS/0015/0015.MP4,"(361466, 361706)","(334908, 335148)","(419677, 419917)",1
6,/mnt/storage2/shuki/data/THEMIS/0015/0015.MP4,"(412481, 412721)","(61300, 61540)","(310270, 310510)",0
7,/mnt/storage2/shuki/data/THEMIS/0015/0015.MP4,"(300538, 300778)","(252411, 252651)","(131436, 131676)",0
8,/mnt/storage2/shuki/data/THEMIS/0015/0015.MP4,"(178415, 178655)","(294882, 295122)","(7064, 7304)",1
9,/mnt/storage2/shuki/data/THEMIS/0015/0015.MP4,"(188197, 188437)","(177137, 177377)","(35571, 35811)",0
10,/mnt/storage2/shuki/data/THEMIS/0015/0015.MP4,"(81114, 81354)","(263915, 264155)","(23212, 23452)",0
11,/mnt/storage2/shuki/data/THEMIS/0015/0015.MP4,"(401383, 401623)","(350616, 350856)","(63080, 63320)",0
12,/mnt/storage2/shuki/data/THEMIS/0015/0015.MP4,"(154321, 154561)","(375668, 375908)","(205322, 205562)",1
13,/mnt/storage2/shuki/data/THEMIS/0015/0015.MP4,"(225192, 225432)","(401732, 401972)","(340286, 340526)",0
14,/mnt/storage2/shuki/data/THEMIS/0015/0015.MP4,"(40585, 40825)","(71820, 72060)","(257872, 258112)",2
15,/mnt/storage2/shuki/data/THEMIS/0015/0015.MP4,"(241655, 241895)","(330179, 330419)","(43601, 43841)",1
16,/mnt/storage2/shuki/data/THEMIS/0015/0015.MP4,"(246844, 247084)","(136161, 136401)","(27280, 27520)",1
17,/mnt/storage2/shuki/data/THEMIS/0015/0015.MP4,"(267953, 268193)","(155276, 155516)","(334672, 334912)",2
18,/mnt/storage2/shuki/data/THEMIS/0015/0015.MP4,"(275896, 276136)","(256753, 256993)","(150749, 150989)",0
19,/mnt/storage2/shuki/data/THEMIS/0015/0015.MP4,"(299252, 299492)","(321904, 322144)","(257171, 257411)",0
20,/mnt/storage2/shuki/data/THEMIS/0015/0015.MP4,"(298265, 298505)","(209543, 209783)","(425780, 426020)",1
21,/mnt/storage2/shuki/data/THEMIS/0015/0015.MP4,"(117154, 117394)","(170111, 170351)","(403051, 403291)",0
22,/mnt/storage2/shuki/data/THEMIS/0015/0015.MP4,"(35333, 35573)","(193561, 193801)","(319094, 319334)",2
23,/mnt/storage2/shuki/data/THEMIS/0015/0015.MP4,"(437264, 437504)","(252663, 252903)","(257192, 257432)",0
24,/mnt/storage2/shuki/data/THEMIS/0015/0015.MP4,"(52367, 52607)","(214845, 215085)","(445363, 445603)",0
25,/mnt/storage2/shuki/data/THEMIS/0015/0015.MP4,"(435624, 435864)","(409994, 410234)","(416937, 417177)",1
26,/mnt/storage2/shuki/data/THEMIS/0015/0015.MP4,"(392349, 392589)","(65043, 65283)","(423859, 424099)",1
27,/mnt/storage2/shuki/data/THEMIS/0015/0015.MP4,"(302530, 302770)","(70227, 70467)","(136110, 136350)",0
28,/mnt/storage2/shuki/data/THEMIS/0015/0015.MP4,"(400402, 400642)","(241255, 241495)","(129346, 129586)",1
29,/mnt/storage2/shuki/data/THEMIS/0015/0015.MP4,"(250021, 250261)","(119411, 119651)","(244398, 244638)",1
30,/mnt/storage2/shuki/data/THEMIS/0015/0015.MP4,"(220537, 220777)","(67272, 67512)","(74620, 74860)",0
31,/mnt/storage2/shuki/data/THEMIS/0015/0015.MP4,"(410822, 411062)","(120736, 120976)","(134064, 134304)",0
32,/mnt/storage2/shuki/data/THEMIS/0015/0015.MP4,"(91677, 91917)","(367004, 367244)","(442093, 442333)",2
33,/mnt/storage2/shuki/data/THEMIS/0015/0015.MP4,"(25583, 25823)","(180893, 181133)","(79785, 80025)",0
,video_file,anchor,sample1,sample2,selected
0,/mnt/storage2/shuki/data/THEMIS/0015/0015.MP4,"(122173, 122293)","(48711, 48831)","(403397, 403517)",0
1,/mnt/storage2/shuki/data/THEMIS/0015/0015.MP4,"(200839, 200959)","(249766, 249886)","(47621, 47741)",0
2,/mnt/storage2/shuki/data/THEMIS/0015/0015.MP4,"(43127, 43247)","(154320, 154440)","(190035, 190155)",1
3,/mnt/storage2/shuki/data/THEMIS/0015/0015.MP4,"(10126, 10246)","(114335, 114455)","(443467, 443587)",2
4,/mnt/storage2/shuki/data/THEMIS/0015/0015.MP4,"(430557, 430677)","(6029, 6149)","(246044, 246164)",2
5,/mnt/storage2/shuki/data/THEMIS/0015/0015.MP4,"(115433, 115553)","(213850, 213970)","(342531, 342651)",2
6,/mnt/storage2/shuki/data/THEMIS/0015/0015.MP4,"(248523, 248643)","(177217, 177337)","(318380, 318500)",0
7,/mnt/storage2/shuki/data/THEMIS/0015/0015.MP4,"(53546, 53666)","(439490, 439610)","(423346, 423466)",1
8,/mnt/storage2/shuki/data/THEMIS/0015/0015.MP4,"(215307, 215427)","(56668, 56788)","(15130, 15250)",2
9,/mnt/storage2/shuki/data/THEMIS/0015/0015.MP4,"(404538, 404658)","(71591, 71711)","(172212, 172332)",1
10,/mnt/storage2/shuki/data/THEMIS/0015/0015.MP4,"(359532, 359652)","(84115, 84235)","(309263, 309383)",0
11,/mnt/storage2/shuki/data/THEMIS/0015/0015.MP4,"(244344, 244464)","(286900, 287020)","(439145, 439265)",2
12,/mnt/storage2/shuki/data/THEMIS/0015/0015.MP4,"(42404, 42524)","(163758, 163878)","(268936, 269056)",1
13,/mnt/storage2/shuki/data/THEMIS/0015/0015.MP4,"(67290, 67410)","(104421, 104541)","(44311, 44431)",1
14,/mnt/storage2/shuki/data/THEMIS/0015/0015.MP4,"(417265, 417385)","(405941, 406061)","(79991, 80111)",2
15,/mnt/storage2/shuki/data/THEMIS/0015/0015.MP4,"(234497, 234617)","(115831, 115951)","(192616, 192736)",0
16,/mnt/storage2/shuki/data/THEMIS/0015/0015.MP4,"(203050, 203170)","(370617, 370737)","(147695, 147815)",2
17,/mnt/storage2/shuki/data/THEMIS/0015/0015.MP4,"(138912, 139032)","(136280, 136400)","(384659, 384779)",1
18,/mnt/storage2/shuki/data/THEMIS/0015/0015.MP4,"(395181, 395301)","(95230, 95350)","(314667, 314787)",2
19,/mnt/storage2/shuki/data/THEMIS/0015/0015.MP4,"(13788, 13908)","(249359, 249479)","(323671, 323791)",1
20,/mnt/storage2/shuki/data/THEMIS/0015/0015.MP4,"(17866, 17986)","(224601, 224721)","(341208, 341328)",0
21,/mnt/storage2/shuki/data/THEMIS/0015/0015.MP4,"(251129, 251249)","(231711, 231831)","(229646, 229766)",0
22,/mnt/storage2/shuki/data/THEMIS/0015/0015.MP4,"(244320, 244440)","(197631, 197751)","(207179, 207299)",0
23,/mnt/storage2/shuki/data/THEMIS/0015/0015.MP4,"(263573, 263693)","(68172, 68292)","(275988, 276108)",0
24,/mnt/storage2/shuki/data/THEMIS/0015/0015.MP4,"(464239, 464359)","(373800, 373920)","(470702, 470822)",0
25,/mnt/storage2/shuki/data/THEMIS/0015/0015.MP4,"(70320, 70440)","(27940, 28060)","(252187, 252307)",2
26,/mnt/storage2/shuki/data/THEMIS/0015/0015.MP4,"(246988, 247108)","(400166, 400286)","(44020, 44140)",2
27,/mnt/storage2/shuki/data/THEMIS/0015/0015.MP4,"(455715, 455835)","(278657, 278777)","(447412, 447532)",1
28,/mnt/storage2/shuki/data/THEMIS/0015/0015.MP4,"(352687, 352807)","(174410, 174530)","(77908, 78028)",2
29,/mnt/storage2/shuki/data/THEMIS/0015/0015.MP4,"(158896, 159016)","(300482, 300602)","(238683, 238803)",1
30,/mnt/storage2/shuki/data/THEMIS/0015/0015.MP4,"(231479, 231599)","(328940, 329060)","(250341, 250461)",0
31,/mnt/storage2/shuki/data/THEMIS/0015/0015.MP4,"(160266, 160386)","(246377, 246497)","(38804, 38924)",0
32,/mnt/storage2/shuki/data/THEMIS/0015/0015.MP4,"(97944, 98064)","(88539, 88659)","(18847, 18967)",1
33,/mnt/storage2/shuki/data/THEMIS/0015/0015.MP4,"(50511, 50631)","(283775, 283895)","(355069, 355189)",0
34,/mnt/storage2/shuki/data/THEMIS/0015/0015.MP4,"(454109, 454229)","(436702, 436822)","(454499, 454619)",2
35,/mnt/storage2/shuki/data/THEMIS/0015/0015.MP4,"(28398, 28518)","(321382, 321502)","(400440, 400560)",2
36,/mnt/storage2/shuki/data/THEMIS/0015/0015.MP4,"(187650, 187770)","(187146, 187266)","(261389, 261509)",0
37,/mnt/storage2/shuki/data/THEMIS/0015/0015.MP4,"(52780, 52900)","(57990, 58110)","(277029, 277149)",1
38,/mnt/storage2/shuki/data/THEMIS/0015/0015.MP4,"(150315, 150435)","(359351, 359471)","(260315, 260435)",1
39,/mnt/storage2/shuki/data/THEMIS/0015/0015.MP4,"(151528, 151648)","(333356, 333476)","(231276, 231396)",2
40,/mnt/storage2/shuki/data/THEMIS/0015/0015.MP4,"(450732, 450852)","(246148, 246268)","(43902, 44022)",0
41,/mnt/storage2/shuki/data/THEMIS/0015/0015.MP4,"(261347, 261467)","(277769, 277889)","(73309, 73429)",1
42,/mnt/storage2/shuki/data/THEMIS/0015/0015.MP4,"(466382, 466502)","(79871, 79991)","(182919, 183039)",2
43,/mnt/storage2/shuki/data/THEMIS/0015/0015.MP4,"(84188, 84308)","(469960, 470080)","(212938, 213058)",0
44,/mnt/storage2/shuki/data/THEMIS/0015/0015.MP4,"(457744, 457864)","(294882, 295002)","(434138, 434258)",1
45,/mnt/storage2/shuki/data/THEMIS/0015/0015.MP4,"(427229, 427349)","(238891, 239011)","(304964, 305084)",2
46,/mnt/storage2/shuki/data/THEMIS/0015/0015.MP4,"(188428, 188548)","(446645, 446765)","(292434, 292554)",0
47,/mnt/storage2/shuki/data/THEMIS/0015/0015.MP4,"(276161, 276281)","(200935, 201055)","(434832, 434952)",0
48,/mnt/storage2/shuki/data/THEMIS/0015/0015.MP4,"(218676, 218796)","(301244, 301364)","(329108, 329228)",1
49,/mnt/storage2/shuki/data/THEMIS/0015/0015.MP4,"(344734, 344854)","(408682, 408802)","(436963, 437083)",0
50,/mnt/storage2/shuki/data/THEMIS/0015/0015.MP4,"(441664, 441784)","(233576, 233696)","(383924, 384044)",1
51,/mnt/storage2/shuki/data/THEMIS/0015/0015.MP4,"(278372, 278492)","(104905, 105025)","(357086, 357206)",0
52,/mnt/storage2/shuki/data/THEMIS/0015/0015.MP4,"(191901, 192021)","(267393, 267513)","(115387, 115507)",1
53,/mnt/storage2/shuki/data/THEMIS/0015/0015.MP4,"(142734, 142854)","(267439, 267559)","(453727, 453847)",1
54,/mnt/storage2/shuki/data/THEMIS/0015/0015.MP4,"(38914, 39034)","(309780, 309900)","(423616, 423736)",1
55,/mnt/storage2/shuki/data/THEMIS/0015/0015.MP4,"(190628, 190748)","(332995, 333115)","(286047, 286167)",0
56,/mnt/storage2/shuki/data/THEMIS/0015/0015.MP4,"(263192, 263312)","(80913, 81033)","(259974, 260094)",2
57,/mnt/storage2/shuki/data/THEMIS/0015/0015.MP4,"(134298, 134418)","(224686, 224806)","(183909, 184029)",0
58,/mnt/storage2/shuki/data/THEMIS/0015/0015.MP4,"(41008, 41128)","(391784, 391904)","(12085, 12205)",0
59,/mnt/storage2/shuki/data/THEMIS/0015/0015.MP4,"(400552, 400672)","(139555, 139675)","(188093, 188213)",0
60,/mnt/storage2/shuki/data/THEMIS/0015/0015.MP4,"(448108, 448228)","(55830, 55950)","(416935, 417055)",1
61,/mnt/storage2/shuki/data/THEMIS/0015/0015.MP4,"(203927, 204047)","(285901, 286021)","(42607, 42727)",2
62,/mnt/storage2/shuki/data/THEMIS/0015/0015.MP4,"(10940, 11060)","(299053, 299173)","(136913, 137033)",2
63,/mnt/storage2/shuki/data/THEMIS/0015/0015.MP4,"(376030, 376150)","(231351, 231471)","(79028, 79148)",1
64,/mnt/storage2/shuki/data/THEMIS/0015/0015.MP4,"(10297, 10417)","(339361, 339481)","(145004, 145124)",0
65,/mnt/storage2/shuki/data/THEMIS/0015/0015.MP4,"(406388, 406508)","(306451, 306571)","(23295, 23415)",0
66,/mnt/storage2/shuki/data/THEMIS/0015/0015.MP4,"(343065, 343185)","(396861, 396981)","(128364, 128484)",1
67,/mnt/storage2/shuki/data/THEMIS/0015/0015.MP4,"(182450, 182570)","(285819, 285939)","(151221, 151341)",0
68,/mnt/storage2/shuki/data/THEMIS/0015/0015.MP4,"(69991, 70111)","(112889, 113009)","(352274, 352394)",2
69,/mnt/storage2/shuki/data/THEMIS/0015/0015.MP4,"(358692, 358812)","(356162, 356282)","(13639, 13759)",1
70,/mnt/storage2/shuki/data/THEMIS/0015/0015.MP4,"(92871, 92991)","(217061, 217181)","(213124, 213244)",1
71,/mnt/storage2/shuki/data/THEMIS/0015/0015.MP4,"(94657, 94777)","(113511, 113631)","(445709, 445829)",0
72,/mnt/storage2/shuki/data/THEMIS/0015/0015.MP4,"(163742, 163862)","(142485, 142605)","(168457, 168577)",0
73,/mnt/storage2/shuki/data/THEMIS/0015/0015.MP4,"(159920, 160040)","(447604, 447724)","(274553, 274673)",2
74,/mnt/storage2/shuki/data/THEMIS/0015/0015.MP4,"(409395, 409515)","(20562, 20682)","(214556, 214676)",0
75,/mnt/storage2/shuki/data/THEMIS/0015/0015.MP4,"(235065, 235185)","(327141, 327261)","(20060, 20180)",2
76,/mnt/storage2/shuki/data/THEMIS/0015/0015.MP4,"(104687, 104807)","(192955, 193075)","(66585, 66705)",1
77,/mnt/storage2/shuki/data/THEMIS/0015/0015.MP4,"(378057, 378177)","(8483, 8603)","(238658, 238778)",2
78,/mnt/storage2/shuki/data/THEMIS/0015/0015.MP4,"(219149, 219269)","(380748, 380868)","(36173, 36293)",1
79,/mnt/storage2/shuki/data/THEMIS/0015/0015.MP4,"(185930, 186050)","(161110, 161230)","(263131, 263251)",2
80,/mnt/storage2/shuki/data/THEMIS/0015/0015.MP4,"(37113, 37233)","(196018, 196138)","(192032, 192152)",1
81,/mnt/storage2/shuki/data/THEMIS/0015/0015.MP4,"(364751, 364871)","(381179, 381299)","(453212, 453332)",1
82,/mnt/storage2/shuki/data/THEMIS/0015/0015.MP4,"(362999, 363119)","(54509, 54629)","(68014, 68134)",0
83,/mnt/storage2/shuki/data/THEMIS/0015/0015.MP4,"(160795, 160915)","(368434, 368554)","(201973, 202093)",0
84,/mnt/storage2/shuki/data/THEMIS/0015/0015.MP4,"(232685, 232805)","(6675, 6795)","(361475, 361595)",0
85,/mnt/storage2/shuki/data/THEMIS/0015/0015.MP4,"(81313, 81433)","(396055, 396175)","(195525, 195645)",1
86,/mnt/storage2/shuki/data/THEMIS/0015/0015.MP4,"(424794, 424914)","(338339, 338459)","(37909, 38029)",2
87,/mnt/storage2/shuki/data/THEMIS/0015/0015.MP4,"(324832, 324952)","(227106, 227226)","(242314, 242434)",1
88,/mnt/storage2/shuki/data/THEMIS/0015/0015.MP4,"(16496, 16616)","(46543, 46663)","(171499, 171619)",0
89,/mnt/storage2/shuki/data/THEMIS/0015/0015.MP4,"(128893, 129013)","(323535, 323655)","(176969, 177089)",0
90,/mnt/storage2/shuki/data/THEMIS/0015/0015.MP4,"(307068, 307188)","(274106, 274226)","(280566, 280686)",0
91,/mnt/storage2/shuki/data/THEMIS/0015/0015.MP4,"(312545, 312665)","(255204, 255324)","(346265, 346385)",1
92,/mnt/storage2/shuki/data/THEMIS/0015/0015.MP4,"(385779, 385899)","(252473, 252593)","(102221, 102341)",0
93,/mnt/storage2/shuki/data/THEMIS/0015/0015.MP4,"(96088, 96208)","(42567, 42687)","(112402, 112522)",0
94,/mnt/storage2/shuki/data/THEMIS/0015/0015.MP4,"(344848, 344968)","(318439, 318559)","(205359, 205479)",1
95,/mnt/storage2/shuki/data/THEMIS/0015/0015.MP4,"(406817, 406937)","(121052, 121172)","(453441, 453561)",2
96,/mnt/storage2/shuki/data/THEMIS/0015/0015.MP4,"(29239, 29359)","(385207, 385327)","(156757, 156877)",2
97,/mnt/storage2/shuki/data/THEMIS/0015/0015.MP4,"(91133, 91253)","(279723, 279843)","(452249, 452369)",0
98,/mnt/storage2/shuki/data/THEMIS/0015/0015.MP4,"(382056, 382176)","(406969, 407089)","(457724, 457844)",1
99,/mnt/storage2/shuki/data/THEMIS/0015/0015.MP4,"(101819, 101939)","(326970, 327090)","(430394, 430514)",0
100,/mnt/storage2/shuki/data/THEMIS/0015/0015.MP4,"(93197, 93317)","(339904, 340024)","(139955, 140075)",0
101,/mnt/storage2/shuki/data/THEMIS/0015/0015.MP4,"(435897, 436017)","(420489, 420609)","(333227, 333347)",1
102,/mnt/storage2/shuki/data/THEMIS/0015/0015.MP4,"(133184, 133304)","(46670, 46790)","(164934, 165054)",0
103,/mnt/storage2/shuki/data/THEMIS/0015/0015.MP4,"(193056, 193176)","(365218, 365338)","(393335, 393455)",2
104,/mnt/storage2/shuki/data/THEMIS/0015/0015.MP4,"(28473, 28593)","(136570, 136690)","(286957, 287077)",0
105,/mnt/storage2/shuki/data/THEMIS/0015/0015.MP4,"(380792, 380912)","(386331, 386451)","(57211, 57331)",2
106,/mnt/storage2/shuki/data/THEMIS/0015/0015.MP4,"(10753, 10873)","(55904, 56024)","(148694, 148814)",1
107,/mnt/storage2/shuki/data/THEMIS/0015/0015.MP4,"(439599, 439719)","(62026, 62146)","(218867, 218987)",0
108,/mnt/storage2/shuki/data/THEMIS/0015/0015.MP4,"(159229, 159349)","(230027, 230147)","(411480, 411600)",0
109,/mnt/storage2/shuki/data/THEMIS/0015/0015.MP4,"(264207, 264327)","(135485, 135605)","(162808, 162928)",1
110,/mnt/storage2/shuki/data/THEMIS/0015/0015.MP4,"(443671, 443791)","(55481, 55601)","(425325, 425445)",1
111,/mnt/storage2/shuki/data/THEMIS/0015/0015.MP4,"(357989, 358109)","(274428, 274548)","(326580, 326700)",0
112,/mnt/storage2/shuki/data/THEMIS/0015/0015.MP4,"(280434, 280554)","(463424, 463544)","(31066, 31186)",2
113,/mnt/storage2/shuki/data/THEMIS/0015/0015.MP4,"(471142, 471262)","(306999, 307119)","(439439, 439559)",0
114,/mnt/storage2/shuki/data/THEMIS/0015/0015.MP4,"(408162, 408282)","(222659, 222779)","(469483, 469603)",0
115,/mnt/storage2/shuki/data/THEMIS/0015/0015.MP4,"(388518, 388638)","(85210, 85330)","(212161, 212281)",0
116,/mnt/storage2/shuki/data/THEMIS/0015/0015.MP4,"(153191, 153311)","(9415, 9535)","(412204, 412324)",0
117,/mnt/storage2/shuki/data/THEMIS/0015/0015.MP4,"(440171, 440291)","(301472, 301592)","(236151, 236271)",2
118,/mnt/storage2/shuki/data/THEMIS/0015/0015.MP4,"(222425, 222545)","(339889, 340009)","(205179, 205299)",0
119,/mnt/storage2/shuki/data/THEMIS/0015/0015.MP4,"(191124, 191244)","(2757, 2877)","(35443, 35563)",0
120,/mnt/storage2/shuki/data/THEMIS/0015/0015.MP4,"(63593, 63713)","(464328, 464448)","(67116, 67236)",1
121,/mnt/storage2/shuki/data/THEMIS/0015/0015.MP4,"(278453, 278573)","(345536, 345656)","(125266, 125386)",2
122,/mnt/storage2/shuki/data/THEMIS/0015/0015.MP4,"(14163, 14283)","(412726, 412846)","(362901, 363021)",0
123,/mnt/storage2/shuki/data/THEMIS/0015/0015.MP4,"(416939, 417059)","(174906, 175026)","(310778, 310898)",2
124,/mnt/storage2/shuki/data/THEMIS/0015/0015.MP4,"(153500, 153620)","(255888, 256008)","(448060, 448180)",0
125,/mnt/storage2/shuki/data/THEMIS/0015/0015.MP4,"(27090, 27210)","(415458, 415578)","(443262, 443382)",1
126,/mnt/storage2/shuki/data/THEMIS/0015/0015.MP4,"(320441, 320561)","(332749, 332869)","(171517, 171637)",2
127,/mnt/storage2/shuki/data/THEMIS/0015/0015.MP4,"(151398, 151518)","(265773, 265893)","(148526, 148646)",1
128,/mnt/storage2/shuki/data/THEMIS/0015/0015.MP4,"(132267, 132387)","(363855, 363975)","(342873, 342993)",0
129,/mnt/storage2/shuki/data/THEMIS/0015/0015.MP4,"(207744, 207864)","(285554, 285674)","(465960, 466080)",0
130,/mnt/storage2/shuki/data/THEMIS/0015/0015.MP4,"(83340, 83460)","(283511, 283631)","(401644, 401764)",2
131,/mnt/storage2/shuki/data/THEMIS/0015/0015.MP4,"(280020, 280140)","(89432, 89552)","(447629, 447749)",2
132,/mnt/storage2/shuki/data/THEMIS/0015/0015.MP4,"(284626, 284746)","(442926, 443046)","(467866, 467986)",2
133,/mnt/storage2/shuki/data/THEMIS/0015/0015.MP4,"(386672, 386792)","(419978, 420098)","(424692, 424812)",2
134,/mnt/storage2/shuki/data/THEMIS/0015/0015.MP4,"(127710, 127830)","(399057, 399177)","(358810, 358930)",0
135,/mnt/storage2/shuki/data/THEMIS/0015/0015.MP4,"(155593, 155713)","(83573, 83693)","(141063, 141183)",0
136,/mnt/storage2/shuki/data/THEMIS/0015/0015.MP4,"(267656, 267776)","(308350, 308470)","(117537, 117657)",1
137,/mnt/storage2/shuki/data/THEMIS/0015/0015.MP4,"(261216, 261336)","(444955, 445075)","(235987, 236107)",1
138,/mnt/storage2/shuki/data/THEMIS/0015/0015.MP4,"(239632, 239752)","(467240, 467360)","(266320, 266440)",2
139,/mnt/storage2/shuki/data/THEMIS/0015/0015.MP4,"(183293, 183413)","(215125, 215245)","(156776, 156896)",1
,video_file,anchor,sample1,sample2,selected
0,/mnt/storage2/shuki/data/THEMIS/0015/0015.MP4,"(69424, 69544)","(412566, 412686)","(245165, 245285)",0
1,/mnt/storage2/shuki/data/THEMIS/0015/0015.MP4,"(35348, 35468)","(105841, 105961)","(100188, 100308)",2
2,/mnt/storage2/shuki/data/THEMIS/0015/0015.MP4,"(427890, 428010)","(429965, 430085)","(287932, 288052)",2
3,/mnt/storage2/shuki/data/THEMIS/0015/0015.MP4,"(361796, 361916)","(380608, 380728)","(7308, 7428)",2
4,/mnt/storage2/shuki/data/THEMIS/0015/0015.MP4,"(233236, 233356)","(190796, 190916)","(378339, 378459)",1
5,/mnt/storage2/shuki/data/THEMIS/0015/0015.MP4,"(312043, 312163)","(106051, 106171)","(436086, 436206)",1
6,/mnt/storage2/shuki/data/THEMIS/0015/0015.MP4,"(381455, 381575)","(113143, 113263)","(103334, 103454)",1
7,/mnt/storage2/shuki/data/THEMIS/0015/0015.MP4,"(195090, 195210)","(401094, 401214)","(239055, 239175)",2
8,/mnt/storage2/shuki/data/THEMIS/0015/0015.MP4,"(450904, 451024)","(394122, 394242)","(392265, 392385)",0
9,/mnt/storage2/shuki/data/THEMIS/0015/0015.MP4,"(141732, 141852)","(51311, 51431)","(322562, 322682)",0
10,/mnt/storage2/shuki/data/THEMIS/0015/0015.MP4,"(122483, 122603)","(271801, 271921)","(143403, 143523)",0
11,/mnt/storage2/shuki/data/THEMIS/0015/0015.MP4,"(135047, 135167)","(154345, 154465)","(24014, 24134)",1
12,/mnt/storage2/shuki/data/THEMIS/0015/0015.MP4,"(130585, 130705)","(141369, 141489)","(357676, 357796)",2
13,/mnt/storage2/shuki/data/THEMIS/0015/0015.MP4,"(384055, 384175)","(168060, 168180)","(301692, 301812)",0
14,/mnt/storage2/shuki/data/THEMIS/0015/0015.MP4,"(407401, 407521)","(93319, 93439)","(234854, 234974)",2
15,/mnt/storage2/shuki/data/THEMIS/0015/0015.MP4,"(385462, 385582)","(321552, 321672)","(375778, 375898)",0
16,/mnt/storage2/shuki/data/THEMIS/0015/0015.MP4,"(348363, 348483)","(96605, 96725)","(393614, 393734)",2
17,/mnt/storage2/shuki/data/THEMIS/0015/0015.MP4,"(92429, 92549)","(313750, 313870)","(134564, 134684)",0
18,/mnt/storage2/shuki/data/THEMIS/0015/0015.MP4,"(72471, 72591)","(318914, 319034)","(347553, 347673)",0
19,/mnt/storage2/shuki/data/THEMIS/0015/0015.MP4,"(320898, 321018)","(68913, 69033)","(250596, 250716)",2
20,/mnt/storage2/shuki/data/THEMIS/0015/0015.MP4,"(88354, 88474)","(32153, 32273)","(258362, 258482)",2
21,/mnt/storage2/shuki/data/THEMIS/0015/0015.MP4,"(365724, 365844)","(96341, 96461)","(34474, 34594)",1
22,/mnt/storage2/shuki/data/THEMIS/0015/0015.MP4,"(300267, 300387)","(135667, 135787)","(54323, 54443)",2
23,/mnt/storage2/shuki/data/THEMIS/0015/0015.MP4,"(156717, 156837)","(310689, 310809)","(282713, 282833)",1
24,/mnt/storage2/shuki/data/THEMIS/0015/0015.MP4,"(269999, 270119)","(11711, 11831)","(325620, 325740)",1
25,/mnt/storage2/shuki/data/THEMIS/0015/0015.MP4,"(96037, 96157)","(470503, 470623)","(95846, 95966)",1
26,/mnt/storage2/shuki/data/THEMIS/0015/0015.MP4,"(132167, 132287)","(462233, 462353)","(143456, 143576)",2
27,/mnt/storage2/shuki/data/THEMIS/0015/0015.MP4,"(327361, 327481)","(120005, 120125)","(373806, 373926)",1
28,/mnt/storage2/shuki/data/THEMIS/0015/0015.MP4,"(33305, 33425)","(156365, 156485)","(449812, 449932)",1
29,/mnt/storage2/shuki/data/THEMIS/0015/0015.MP4,"(385004, 385124)","(3057, 3177)","(398588, 398708)",0
30,/mnt/storage2/shuki/data/THEMIS/0015/0015.MP4,"(246564, 246684)","(181611, 181731)","(441000, 441120)",0
31,/mnt/storage2/shuki/data/THEMIS/0015/0015.MP4,"(432759, 432879)","(424456, 424576)","(347988, 348108)",1
32,/mnt/storage2/shuki/data/THEMIS/0015/0015.MP4,"(356301, 356421)","(269892, 270012)","(451269, 451389)",0
33,/mnt/storage2/shuki/data/THEMIS/0015/0015.MP4,"(135180, 135300)","(359886, 360006)","(237360, 237480)",2
34,/mnt/storage2/shuki/data/THEMIS/0015/0015.MP4,"(70966, 71086)","(334818, 334938)","(292916, 293036)",2
35,/mnt/storage2/shuki/data/THEMIS/0015/0015.MP4,"(60290, 60410)","(210706, 210826)","(305701, 305821)",0
36,/mnt/storage2/shuki/data/THEMIS/0015/0015.MP4,"(18382, 18502)","(357675, 357795)","(447399, 447519)",0
37,/mnt/storage2/shuki/data/THEMIS/0015/0015.MP4,"(291261, 291381)","(178353, 178473)","(341642, 341762)",0
38,/mnt/storage2/shuki/data/THEMIS/0015/0015.MP4,"(397542, 397662)","(183291, 183411)","(142399, 142519)",0
39,/mnt/storage2/shuki/data/THEMIS/0015/0015.MP4,"(171269, 171389)","(432829, 432949)","(182997, 183117)",2
40,/mnt/storage2/shuki/data/THEMIS/0015/0015.MP4,"(351131, 351251)","(398838, 398958)","(407986, 408106)",2
41,/mnt/storage2/shuki/data/THEMIS/0015/0015.MP4,"(375196, 375316)","(453396, 453516)","(171031, 171151)",2
,video_file,anchor,sample1,sample2,selected
0,/mnt/storage2/shuki/data/THEMIS/0015/0015.MP4,"(151493, 151613)","(309108, 309228)","(376023, 376143)",1
1,/mnt/storage2/shuki/data/THEMIS/0015/0015.MP4,"(309406, 309526)","(157124, 157244)","(311842, 311962)",2
2,/mnt/storage2/shuki/data/THEMIS/0015/0015.MP4,"(262629, 262749)","(446369, 446489)","(217262, 217382)",2
3,/mnt/storage2/shuki/data/THEMIS/0015/0015.MP4,"(199066, 199186)","(250082, 250202)","(341602, 341722)",0
4,/mnt/storage2/shuki/data/THEMIS/0015/0015.MP4,"(409705, 409825)","(438625, 438745)","(308139, 308259)",1
5,/mnt/storage2/shuki/data/THEMIS/0015/0015.MP4,"(111458, 111578)","(339533, 339653)","(187851, 187971)",2
6,/mnt/storage2/shuki/data/THEMIS/0015/0015.MP4,"(446340, 446460)","(9185, 9305)","(252147, 252267)",0
7,/mnt/storage2/shuki/data/THEMIS/0015/0015.MP4,"(199065, 199185)","(301960, 302080)","(181182, 181302)",1
8,/mnt/storage2/shuki/data/THEMIS/0015/0015.MP4,"(230696, 230816)","(316252, 316372)","(456495, 456615)",0
9,/mnt/storage2/shuki/data/THEMIS/0015/0015.MP4,"(414333, 414453)","(280631, 280751)","(132463, 132583)",0
10,/mnt/storage2/shuki/data/THEMIS/0015/0015.MP4,"(88441, 88561)","(339584, 339704)","(46800, 46920)",2
11,/mnt/storage2/shuki/data/THEMIS/0015/0015.MP4,"(303469, 303589)","(181986, 182106)","(61620, 61740)",2
12,/mnt/storage2/shuki/data/THEMIS/0015/0015.MP4,"(217807, 217927)","(14436, 14556)","(256846, 256966)",1
13,/mnt/storage2/shuki/data/THEMIS/0015/0015.MP4,"(380359, 380479)","(192640, 192760)","(94448, 94568)",2
14,/mnt/storage2/shuki/data/THEMIS/0015/0015.MP4,"(166709, 166829)","(424172, 424292)","(417529, 417649)",1
15,/mnt/storage2/shuki/data/THEMIS/0015/0015.MP4,"(73243, 73363)","(414118, 414238)","(266011, 266131)",1
16,/mnt/storage2/shuki/data/THEMIS/0015/0015.MP4,"(258553, 258673)","(45766, 45886)","(342549, 342669)",1
17,/mnt/storage2/shuki/data/THEMIS/0015/0015.MP4,"(294647, 294767)","(158630, 158750)","(451503, 451623)",0
18,/mnt/storage2/shuki/data/THEMIS/0015/0015.MP4,"(217131, 217251)","(24990, 25110)","(311842, 311962)",0
19,/mnt/storage2/shuki/data/THEMIS/0015/0015.MP4,"(469616, 469736)","(136840, 136960)","(456640, 456760)",2
20,/mnt/storage2/shuki/data/THEMIS/0015/0015.MP4,"(193670, 193790)","(71009, 71129)","(270113, 270233)",2
21,/mnt/storage2/shuki/data/THEMIS/0015/0015.MP4,"(109295, 109415)","(421433, 421553)","(162508, 162628)",1
22,/mnt/storage2/shuki/data/THEMIS/0015/0015.MP4,"(298971, 299091)","(87075, 87195)","(280518, 280638)",0
23,/mnt/storage2/shuki/data/THEMIS/0015/0015.MP4,"(416359, 416479)","(88471, 88591)","(204712, 204832)",1
""
""
""
,video_file,anchor,sample1,sample2,selected
0,/mnt/storage2/shuki/data/THEMIS/0015/0015.MP4,"(446917, 447037)","(256779, 256899)","(457469, 457589)",1
1,/mnt/storage2/shuki/data/THEMIS/0015/0015.MP4,"(360414, 360534)","(266318, 266438)","(241435, 241555)",0
2,/mnt/storage2/shuki/data/THEMIS/0015/0015.MP4,"(42287, 42407)","(456580, 456700)","(373227, 373347)",2
3,/mnt/storage2/shuki/data/THEMIS/0015/0015.MP4,"(403644, 403764)","(303248, 303368)","(288127, 288247)",1
4,/mnt/storage2/shuki/data/THEMIS/0015/0015.MP4,"(109465, 109585)","(426832, 426952)","(215852, 215972)",1
5,/mnt/storage2/shuki/data/THEMIS/0015/0015.MP4,"(80979, 81099)","(37261, 37381)","(450864, 450984)",0
6,/mnt/storage2/shuki/data/THEMIS/0015/0015.MP4,"(34326, 34446)","(274389, 274509)","(464220, 464340)",0
7,/mnt/storage2/shuki/data/THEMIS/0015/0015.MP4,"(56439, 56559)","(411287, 411407)","(111711, 111831)",2
8,/mnt/storage2/shuki/data/THEMIS/0015/0015.MP4,"(445274, 445394)","(319116, 319236)","(444935, 445055)",1
9,/mnt/storage2/shuki/data/THEMIS/0015/0015.MP4,"(302261, 302381)","(262969, 263089)","(144752, 144872)",2
10,/mnt/storage2/shuki/data/THEMIS/0015/0015.MP4,"(203148, 203268)","(165714, 165834)","(97602, 97722)",2
11,/mnt/storage2/shuki/data/THEMIS/0015/0015.MP4,"(311488, 311608)","(374228, 374348)","(105722, 105842)",1
12,/mnt/storage2/shuki/data/THEMIS/0015/0015.MP4,"(178097, 178217)","(454270, 454390)","(416500, 416620)",1
13,/mnt/storage2/shuki/data/THEMIS/0015/0015.MP4,"(129473, 129593)","(107058, 107178)","(303329, 303449)",1
14,/mnt/storage2/shuki/data/THEMIS/0015/0015.MP4,"(297086, 297206)","(239071, 239191)","(358888, 359008)",0
15,/mnt/storage2/shuki/data/THEMIS/0015/0015.MP4,"(447286, 447406)","(372321, 372441)","(47968, 48088)",0
16,/mnt/storage2/shuki/data/THEMIS/0015/0015.MP4,"(107592, 107712)","(400843, 400963)","(324966, 325086)",1
17,/mnt/storage2/shuki/data/THEMIS/0015/0015.MP4,"(222543, 222663)","(395932, 396052)","(18822, 18942)",0
18,/mnt/storage2/shuki/data/THEMIS/0015/0015.MP4,"(201115, 201235)","(201047, 201167)","(50539, 50659)",0
19,/mnt/storage2/shuki/data/THEMIS/0015/0015.MP4,"(41196, 41316)","(107030, 107150)","(398607, 398727)",1
20,/mnt/storage2/shuki/data/THEMIS/0015/0015.MP4,"(291670, 291790)","(109961, 110081)","(142618, 142738)",0
21,/mnt/storage2/shuki/data/THEMIS/0015/0015.MP4,"(342800, 342920)","(372823, 372943)","(430632, 430752)",0
22,/mnt/storage2/shuki/data/THEMIS/0015/0015.MP4,"(280612, 280732)","(339970, 340090)","(270849, 270969)",2
23,/mnt/storage2/shuki/data/THEMIS/0015/0015.MP4,"(16540, 16660)","(291066, 291186)","(213500, 213620)",0
24,/mnt/storage2/shuki/data/THEMIS/0015/0015.MP4,"(119742, 119862)","(333511, 333631)","(140352, 140472)",1
25,/mnt/storage2/shuki/data/THEMIS/0015/0015.MP4,"(75934, 76054)","(443276, 443396)","(66727, 66847)",0
26,/mnt/storage2/shuki/data/THEMIS/0015/0015.MP4,"(230495, 230615)","(154568, 154688)","(195311, 195431)",2
27,/mnt/storage2/shuki/data/THEMIS/0015/0015.MP4,"(70096, 70216)","(161053, 161173)","(343371, 343491)",2
28,/mnt/storage2/shuki/data/THEMIS/0015/0015.MP4,"(63568, 63688)","(251451, 251571)","(128750, 128870)",0
29,/mnt/storage2/shuki/data/THEMIS/0015/0015.MP4,"(371620, 371740)","(270059, 270179)","(65359, 65479)",1
30,/mnt/storage2/shuki/data/THEMIS/0015/0015.MP4,"(246680, 246800)","(124896, 125016)","(228569, 228689)",2
31,/mnt/storage2/shuki/data/THEMIS/0015/0015.MP4,"(158908, 159028)","(305144, 305264)","(313032, 313152)",2
32,/mnt/storage2/shuki/data/THEMIS/0015/0015.MP4,"(279094, 279214)","(378782, 378902)","(3275, 3395)",0
33,/mnt/storage2/shuki/data/THEMIS/0015/0015.MP4,"(415709, 415829)","(199078, 199198)","(356191, 356311)",2
34,/mnt/storage2/shuki/data/THEMIS/0015/0015.MP4,"(364443, 364563)","(412324, 412444)","(191092, 191212)",0
35,/mnt/storage2/shuki/data/THEMIS/0015/0015.MP4,"(137315, 137435)","(452926, 453046)","(146823, 146943)",0
36,/mnt/storage2/shuki/data/THEMIS/0015/0015.MP4,"(102042, 102162)","(272773, 272893)","(155466, 155586)",0
37,/mnt/storage2/shuki/data/THEMIS/0015/0015.MP4,"(397178, 397298)","(69275, 69395)","(1819, 1939)",2
38,/mnt/storage2/shuki/data/THEMIS/0015/0015.MP4,"(423287, 423407)","(115698, 115818)","(422830, 422950)",2
39,/mnt/storage2/shuki/data/THEMIS/0015/0015.MP4,"(397283, 397403)","(281273, 281393)","(325009, 325129)",2
40,/mnt/storage2/shuki/data/THEMIS/0015/0015.MP4,"(206190, 206310)","(27929, 28049)","(467314, 467434)",0
41,/mnt/storage2/shuki/data/THEMIS/0015/0015.MP4,"(220346, 220466)","(382710, 382830)","(342392, 342512)",2
42,/mnt/storage2/shuki/data/THEMIS/0015/0015.MP4,"(427760, 427880)","(312996, 313116)","(376213, 376333)",2
43,/mnt/storage2/shuki/data/THEMIS/0015/0015.MP4,"(205845, 205965)","(138432, 138552)","(11211, 11331)",2
44,/mnt/storage2/shuki/data/THEMIS/0015/0015.MP4,"(3532, 3652)","(343440, 343560)","(182064, 182184)",1
45,/mnt/storage2/shuki/data/THEMIS/0015/0015.MP4,"(382447, 382567)","(287117, 287237)","(52816, 52936)",0
46,/mnt/storage2/shuki/data/THEMIS/0015/0015.MP4,"(375940, 376060)","(408754, 408874)","(446035, 446155)",1
47,/mnt/storage2/shuki/data/THEMIS/0015/0015.MP4,"(2911, 3031)","(264137, 264257)","(202020, 202140)",0
48,/mnt/storage2/shuki/data/THEMIS/0015/0015.MP4,"(156352, 156472)","(338780, 338900)","(401652, 401772)",0
49,/mnt/storage2/shuki/data/THEMIS/0015/0015.MP4,"(422905, 423025)","(378614, 378734)","(437840, 437960)",0
50,/mnt/storage2/shuki/data/THEMIS/0015/0015.MP4,"(433979, 434099)","(173266, 173386)","(36247, 36367)",0
51,/mnt/storage2/shuki/data/THEMIS/0015/0015.MP4,"(459928, 460048)","(315159, 315279)","(423362, 423482)",0
52,/mnt/storage2/shuki/data/THEMIS/0015/0015.MP4,"(205573, 205693)","(133387, 133507)","(61545, 61665)",0
53,/mnt/storage2/shuki/data/THEMIS/0015/0015.MP4,"(134506, 134626)","(180600, 180720)","(135702, 135822)",1
54,/mnt/storage2/shuki/data/THEMIS/0015/0015.MP4,"(294486, 294606)","(332227, 332347)","(154550, 154670)",1
55,/mnt/storage2/shuki/data/THEMIS/0015/0015.MP4,"(281187, 281307)","(277418, 277538)","(436018, 436138)",0
56,/mnt/storage2/shuki/data/THEMIS/0015/0015.MP4,"(1330, 1450)","(58754, 58874)","(57387, 57507)",2
57,/mnt/storage2/shuki/data/THEMIS/0015/0015.MP4,"(30470, 30590)","(178263, 178383)","(427896, 428016)",0
58,/mnt/storage2/shuki/data/THEMIS/0015/0015.MP4,"(95135, 95255)","(291281, 291401)","(464935, 465055)",1
59,/mnt/storage2/shuki/data/THEMIS/0015/0015.MP4,"(232548, 232668)","(3516, 3636)","(117751, 117871)",1
60,/mnt/storage2/shuki/data/THEMIS/0015/0015.MP4,"(34886, 35006)","(395006, 395126)","(442511, 442631)",0
61,/mnt/storage2/shuki/data/THEMIS/0015/0015.MP4,"(230273, 230393)","(22984, 23104)","(239400, 239520)",0
62,/mnt/storage2/shuki/data/THEMIS/0015/0015.MP4,"(287144, 287264)","(155989, 156109)","(289846, 289966)",2
63,/mnt/storage2/shuki/data/THEMIS/0015/0015.MP4,"(425700, 425820)","(319497, 319617)","(36210, 36330)",0
64,/mnt/storage2/shuki/data/THEMIS/0015/0015.MP4,"(18849, 18969)","(336512, 336632)","(67276, 67396)",0
65,/mnt/storage2/shuki/data/THEMIS/0015/0015.MP4,"(60756, 60876)","(106986, 107106)","(89815, 89935)",0
66,/mnt/storage2/shuki/data/THEMIS/0015/0015.MP4,"(170149, 170269)","(36201, 36321)","(280325, 280445)",2
67,/mnt/storage2/shuki/data/THEMIS/0015/0015.MP4,"(59602, 59722)","(310895, 311015)","(38135, 38255)",1
68,/mnt/storage2/shuki/data/THEMIS/0015/0015.MP4,"(428124, 428244)","(364979, 365099)","(7580, 7700)",2
69,/mnt/storage2/shuki/data/THEMIS/0015/0015.MP4,"(216338, 216458)","(134864, 134984)","(15719, 15839)",2
70,/mnt/storage2/shuki/data/THEMIS/0015/0015.MP4,"(280741, 280861)","(209825, 209945)","(346858, 346978)",0
71,/mnt/storage2/shuki/data/THEMIS/0015/0015.MP4,"(308639, 308759)","(313019, 313139)","(422108, 422228)",0
72,/mnt/storage2/shuki/data/THEMIS/0015/0015.MP4,"(410712, 410832)","(104942, 105062)","(321891, 322011)",0
73,/mnt/storage2/shuki/data/THEMIS/0015/0015.MP4,"(41911, 42031)","(218427, 218547)","(125237, 125357)",2
74,/mnt/storage2/shuki/data/THEMIS/0015/0015.MP4,"(198274, 198394)","(387004, 387124)","(333201, 333321)",1
75,/mnt/storage2/shuki/data/THEMIS/0015/0015.MP4,"(49090, 49210)","(65091, 65211)","(287896, 288016)",2
76,/mnt/storage2/shuki/data/THEMIS/0015/0015.MP4,"(372366, 372486)","(412105, 412225)","(145778, 145898)",1
77,/mnt/storage2/shuki/data/THEMIS/0015/0015.MP4,"(306443, 306563)","(67792, 67912)","(412251, 412371)",2
78,/mnt/storage2/shuki/data/THEMIS/0015/0015.MP4,"(1266, 1386)","(281889, 282009)","(9332, 9452)",1
79,/mnt/storage2/shuki/data/THEMIS/0015/0015.MP4,"(292427, 292547)","(224240, 224360)","(241119, 241239)",0
80,/mnt/storage2/shuki/data/THEMIS/0015/0015.MP4,"(242098, 242218)","(395944, 396064)","(185249, 185369)",0
81,/mnt/storage2/shuki/data/THEMIS/0015/0015.MP4,"(3129, 3249)","(110752, 110872)","(461499, 461619)",2
82,/mnt/storage2/shuki/data/THEMIS/0015/0015.MP4,"(363403, 363523)","(30428, 30548)","(235211, 235331)",0
83,/mnt/storage2/shuki/data/THEMIS/0015/0015.MP4,"(186447, 186567)","(279278, 279398)","(164421, 164541)",0
84,/mnt/storage2/shuki/data/THEMIS/0015/0015.MP4,"(433790, 433910)","(176960, 177080)","(203541, 203661)",2
85,/mnt/storage2/shuki/data/THEMIS/0015/0015.MP4,"(440178, 440298)","(412150, 412270)","(84664, 84784)",0
86,/mnt/storage2/shuki/data/THEMIS/0015/0015.MP4,"(416853, 416973)","(370247, 370367)","(254571, 254691)",0
87,/mnt/storage2/shuki/data/THEMIS/0015/0015.MP4,"(320801, 320921)","(288885, 289005)","(242488, 242608)",0
88,/mnt/storage2/shuki/data/THEMIS/0015/0015.MP4,"(30659, 30779)","(268102, 268222)","(273978, 274098)",2
89,/mnt/storage2/shuki/data/THEMIS/0015/0015.MP4,"(162802, 162922)","(45434, 45554)","(244103, 244223)",0
90,/mnt/storage2/shuki/data/THEMIS/0015/0015.MP4,"(458847, 458967)","(248895, 249015)","(454894, 455014)",0
91,/mnt/storage2/shuki/data/THEMIS/0015/0015.MP4,"(50051, 50171)","(449656, 449776)","(43921, 44041)",0
92,/mnt/storage2/shuki/data/THEMIS/0015/0015.MP4,"(383030, 383150)","(200013, 200133)","(150749, 150869)",2
93,/mnt/storage2/shuki/data/THEMIS/0015/0015.MP4,"(72615, 72735)","(70540, 70660)","(264120, 264240)",0
94,/mnt/storage2/shuki/data/THEMIS/0015/0015.MP4,"(111626, 111746)","(350329, 350449)","(387283, 387403)",0
95,/mnt/storage2/shuki/data/THEMIS/0015/0015.MP4,"(103704, 103824)","(123655, 123775)","(328744, 328864)",0
96,/mnt/storage2/shuki/data/THEMIS/0015/0015.MP4,"(427095, 427215)","(273771, 273891)","(33795, 33915)",2
97,/mnt/storage2/shuki/data/THEMIS/0015/0015.MP4,"(11304, 11424)","(438185, 438305)","(219681, 219801)",2
98,/mnt/storage2/shuki/data/THEMIS/0015/0015.MP4,"(201354, 201474)","(293495, 293615)","(291642, 291762)",2
99,/mnt/storage2/shuki/data/THEMIS/0015/0015.MP4,"(324168, 324288)","(341271, 341391)","(17216, 17336)",0
100,/mnt/storage2/shuki/data/THEMIS/0015/0015.MP4,"(276555, 276675)","(5328, 5448)","(167790, 167910)",1
101,/mnt/storage2/shuki/data/THEMIS/0015/0015.MP4,"(442535, 442655)","(320464, 320584)","(406012, 406132)",0
102,/mnt/storage2/shuki/data/THEMIS/0015/0015.MP4,"(226697, 226817)","(121300, 121420)","(80758, 80878)",0
103,/mnt/storage2/shuki/data/THEMIS/0015/0015.MP4,"(148319, 148439)","(233164, 233284)","(60965, 61085)",2
104,/mnt/storage2/shuki/data/THEMIS/0015/0015.MP4,"(421034, 421154)","(33288, 33408)","(466196, 466316)",1
105,/mnt/storage2/shuki/data/THEMIS/0015/0015.MP4,"(445199, 445319)","(434379, 434499)","(111035, 111155)",2
106,/mnt/storage2/shuki/data/THEMIS/0015/0015.MP4,"(175509, 175629)","(80573, 80693)","(452727, 452847)",2
107,/mnt/storage2/shuki/data/THEMIS/0015/0015.MP4,"(18541, 18661)","(439304, 439424)","(293219, 293339)",0
108,/mnt/storage2/shuki/data/THEMIS/0015/0015.MP4,"(425829, 425949)","(71395, 71515)","(213460, 213580)",1
109,/mnt/storage2/shuki/data/THEMIS/0015/0015.MP4,"(299665, 299785)","(354791, 354911)","(19859, 19979)",0
110,/mnt/storage2/shuki/data/THEMIS/0015/0015.MP4,"(107988, 108108)","(36290, 36410)","(82095, 82215)",1
111,/mnt/storage2/shuki/data/THEMIS/0015/0015.MP4,"(308687, 308807)","(109553, 109673)","(314018, 314138)",0
112,/mnt/storage2/shuki/data/THEMIS/0015/0015.MP4,"(285363, 285483)","(20401, 20521)","(465365, 465485)",2
113,/mnt/storage2/shuki/data/THEMIS/0015/0015.MP4,"(318623, 318743)","(304878, 304998)","(108458, 108578)",0
114,/mnt/storage2/shuki/data/THEMIS/0015/0015.MP4,"(4134, 4254)","(261544, 261664)","(464455, 464575)",0
115,/mnt/storage2/shuki/data/THEMIS/0015/0015.MP4,"(350805, 350925)","(5363, 5483)","(239830, 239950)",0
116,/mnt/storage2/shuki/data/THEMIS/0015/0015.MP4,"(49460, 49580)","(132417, 132537)","(443020, 443140)",2
117,/mnt/storage2/shuki/data/THEMIS/0015/0015.MP4,"(96202, 96322)","(318018, 318138)","(344978, 345098)",0
118,/mnt/storage2/shuki/data/THEMIS/0015/0015.MP4,"(274307, 274427)","(292324, 292444)","(190229, 190349)",1
119,/mnt/storage2/shuki/data/THEMIS/0015/0015.MP4,"(468312, 468432)","(78092, 78212)","(362011, 362131)",0
120,/mnt/storage2/shuki/data/THEMIS/0015/0015.MP4,"(407436, 407556)","(235605, 235725)","(383677, 383797)",0
121,/mnt/storage2/shuki/data/THEMIS/0015/0015.MP4,"(380256, 380376)","(342340, 342460)","(407634, 407754)",0
122,/mnt/storage2/shuki/data/THEMIS/0015/0015.MP4,"(395245, 395365)","(362503, 362623)","(327118, 327238)",0
123,/mnt/storage2/shuki/data/THEMIS/0015/0015.MP4,"(348579, 348699)","(456834, 456954)","(442315, 442435)",0
124,/mnt/storage2/shuki/data/THEMIS/0015/0015.MP4,"(204023, 204143)","(148581, 148701)","(330075, 330195)",1
125,/mnt/storage2/shuki/data/THEMIS/0015/0015.MP4,"(252921, 253041)","(371535, 371655)","(51364, 51484)",2
126,/mnt/storage2/shuki/data/THEMIS/0015/0015.MP4,"(232570, 232690)","(123442, 123562)","(166737, 166857)",1
127,/mnt/storage2/shuki/data/THEMIS/0015/0015.MP4,"(471239, 471359)","(432208, 432328)","(294761, 294881)",2
128,/mnt/storage2/shuki/data/THEMIS/0015/0015.MP4,"(260193, 260313)","(313165, 313285)","(402670, 402790)",2
129,/mnt/storage2/shuki/data/THEMIS/0015/0015.MP4,"(313396, 313516)","(8266, 8386)","(312435, 312555)",0
130,/mnt/storage2/shuki/data/THEMIS/0015/0015.MP4,"(138026, 138146)","(254910, 255030)","(426049, 426169)",2
131,/mnt/storage2/shuki/data/THEMIS/0015/0015.MP4,"(183796, 183916)","(366317, 366437)","(351841, 351961)",0
132,/mnt/storage2/shuki/data/THEMIS/0015/0015.MP4,"(452122, 452242)","(109906, 110026)","(428048, 428168)",0
133,/mnt/storage2/shuki/data/THEMIS/0015/0015.MP4,"(279763, 279883)","(89014, 89134)","(298591, 298711)",0
134,/mnt/storage2/shuki/data/THEMIS/0015/0015.MP4,"(385369, 385489)","(151436, 151556)","(39498, 39618)",0
135,/mnt/storage2/shuki/data/THEMIS/0015/0015.MP4,"(292671, 292791)","(89045, 89165)","(207241, 207361)",0
136,/mnt/storage2/shuki/data/THEMIS/0015/0015.MP4,"(191316, 191436)","(437942, 438062)","(286385, 286505)",0
137,/mnt/storage2/shuki/data/THEMIS/0015/0015.MP4,"(452052, 452172)","(391295, 391415)","(187321, 187441)",2
138,/mnt/storage2/shuki/data/THEMIS/0015/0015.MP4,"(94854, 94974)","(11522, 11642)","(303360, 303480)",0
139,/mnt/storage2/shuki/data/THEMIS/0015/0015.MP4,"(256461, 256581)","(454166, 454286)","(272069, 272189)",0
140,/mnt/storage2/shuki/data/THEMIS/0015/0015.MP4,"(50308, 50428)","(423757, 423877)","(286691, 286811)",1
141,/mnt/storage2/shuki/data/THEMIS/0015/0015.MP4,"(20700, 20820)","(74586, 74706)","(5630, 5750)",0
142,/mnt/storage2/shuki/data/THEMIS/0015/0015.MP4,"(408503, 408623)","(281529, 281649)","(115995, 116115)",1
143,/mnt/storage2/shuki/data/THEMIS/0015/0015.MP4,"(129490, 129610)","(143058, 143178)","(392952, 393072)",0
144,/mnt/storage2/shuki/data/THEMIS/0015/0015.MP4,"(273031, 273151)","(14358, 14478)","(72838, 72958)",0
145,/mnt/storage2/shuki/data/THEMIS/0015/0015.MP4,"(358142, 358262)","(117733, 117853)","(307617, 307737)",2
146,/mnt/storage2/shuki/data/THEMIS/0015/0015.MP4,"(249229, 249349)","(139120, 139240)","(28246, 28366)",2
147,/mnt/storage2/shuki/data/THEMIS/0015/0015.MP4,"(231884, 232004)","(25274, 25394)","(334844, 334964)",1
148,/mnt/storage2/shuki/data/THEMIS/0015/0015.MP4,"(382380, 382500)","(121397, 121517)","(403706, 403826)",2
149,/mnt/storage2/shuki/data/THEMIS/0015/0015.MP4,"(372824, 372944)","(42686, 42806)","(402368, 402488)",0
150,/mnt/storage2/shuki/data/THEMIS/0015/0015.MP4,"(247006, 247126)","(349960, 350080)","(445484, 445604)",0
151,/mnt/storage2/shuki/data/THEMIS/0015/0015.MP4,"(464530, 464650)","(455502, 455622)","(153083, 153203)",1
152,/mnt/storage2/shuki/data/THEMIS/0015/0015.MP4,"(240237, 240357)","(301080, 301200)","(456090, 456210)",0
153,/mnt/storage2/shuki/data/THEMIS/0015/0015.MP4,"(334685, 334805)","(302152, 302272)","(225121, 225241)",0
154,/mnt/storage2/shuki/data/THEMIS/0015/0015.MP4,"(173625, 173745)","(282287, 282407)","(105495, 105615)",0
155,/mnt/storage2/shuki/data/THEMIS/0015/0015.MP4,"(357310, 357430)","(174143, 174263)","(437802, 437922)",1
156,/mnt/storage2/shuki/data/THEMIS/0015/0015.MP4,"(430379, 430499)","(100273, 100393)","(99267, 99387)",1
157,/mnt/storage2/shuki/data/THEMIS/0015/0015.MP4,"(230875, 230995)","(203495, 203615)","(27711, 27831)",0
158,/mnt/storage2/shuki/data/THEMIS/0015/0015.MP4,"(423882, 424002)","(148436, 148556)","(196825, 196945)",1
159,/mnt/storage2/shuki/data/THEMIS/0015/0015.MP4,"(164560, 164680)","(95355, 95475)","(387640, 387760)",2
160,/mnt/storage2/shuki/data/THEMIS/0015/0015.MP4,"(428393, 428513)","(15219, 15339)","(350026, 350146)",0
161,/mnt/storage2/shuki/data/THEMIS/0015/0015.MP4,"(319458, 319578)","(81821, 81941)","(425351, 425471)",0
162,/mnt/storage2/shuki/data/THEMIS/0015/0015.MP4,"(187866, 187986)","(280581, 280701)","(205207, 205327)",0
163,/mnt/storage2/shuki/data/THEMIS/0015/0015.MP4,"(461183, 461303)","(135360, 135480)","(296777, 296897)",0
164,/mnt/storage2/shuki/data/THEMIS/0015/0015.MP4,"(95961, 96081)","(145060, 145180)","(28530, 28650)",2
165,/mnt/storage2/shuki/data/THEMIS/0015/0015.MP4,"(264095, 264215)","(55694, 55814)","(457077, 457197)",1
166,/mnt/storage2/shuki/data/THEMIS/0015/0015.MP4,"(137671, 137791)","(47551, 47671)","(304147, 304267)",0
167,/mnt/storage2/shuki/data/THEMIS/0015/0015.MP4,"(413550, 413670)","(426238, 426358)","(447745, 447865)",0
168,/mnt/storage2/shuki/data/THEMIS/0015/0015.MP4,"(470574, 470694)","(119578, 119698)","(240228, 240348)",1
169,/mnt/storage2/shuki/data/THEMIS/0015/0015.MP4,"(278478, 278598)","(225586, 225706)","(378283, 378403)",1
170,/mnt/storage2/shuki/data/THEMIS/0015/0015.MP4,"(19999, 20119)","(193899, 194019)","(285637, 285757)",0
171,/mnt/storage2/shuki/data/THEMIS/0015/0015.MP4,"(442524, 442644)","(83441, 83561)","(358201, 358321)",2
172,/mnt/storage2/shuki/data/THEMIS/0015/0015.MP4,"(310157, 310277)","(26836, 26956)","(129414, 129534)",0
173,/mnt/storage2/shuki/data/THEMIS/0015/0015.MP4,"(20971, 21091)","(29400, 29520)","(335656, 335776)",1
174,/mnt/storage2/shuki/data/THEMIS/0015/0015.MP4,"(354490, 354610)","(272163, 272283)","(420785, 420905)",2
175,/mnt/storage2/shuki/data/THEMIS/0015/0015.MP4,"(116672, 116792)","(258304, 258424)","(253687, 253807)",2
176,/mnt/storage2/shuki/data/THEMIS/0015/0015.MP4,"(144433, 144553)","(256326, 256446)","(419442, 419562)",0
177,/mnt/storage2/shuki/data/THEMIS/0015/0015.MP4,"(251606, 251726)","(278332, 278452)","(42756, 42876)",0
178,/mnt/storage2/shuki/data/THEMIS/0015/0015.MP4,"(101848, 101968)","(194053, 194173)","(456004, 456124)",2
179,/mnt/storage2/shuki/data/THEMIS/0015/0015.MP4,"(60808, 60928)","(133621, 133741)","(279815, 279935)",2
180,/mnt/storage2/shuki/data/THEMIS/0015/0015.MP4,"(24028, 24148)","(352236, 352356)","(420608, 420728)",2
181,/mnt/storage2/shuki/data/THEMIS/0015/0015.MP4,"(353882, 354002)","(459313, 459433)","(247931, 248051)",0
182,/mnt/storage2/shuki/data/THEMIS/0015/0015.MP4,"(128539, 128659)","(6917, 7037)","(79086, 79206)",0
183,/mnt/storage2/shuki/data/THEMIS/0015/0015.MP4,"(101919, 102039)","(80715, 80835)","(455116, 455236)",0
184,/mnt/storage2/shuki/data/THEMIS/0015/0015.MP4,"(451215, 451335)","(42683, 42803)","(362530, 362650)",2
185,/mnt/storage2/shuki/data/THEMIS/0015/0015.MP4,"(68201, 68321)","(424376, 424496)","(274492, 274612)",0
186,/mnt/storage2/shuki/data/THEMIS/0015/0015.MP4,"(22515, 22635)","(411328, 411448)","(235271, 235391)",1
187,/mnt/storage2/shuki/data/THEMIS/0015/0015.MP4,"(80978, 81098)","(404942, 405062)","(182724, 182844)",0
188,/mnt/storage2/shuki/data/THEMIS/0015/0015.MP4,"(420717, 420837)","(238437, 238557)","(63111, 63231)",0
189,/mnt/storage2/shuki/data/THEMIS/0015/0015.MP4,"(159547, 159667)","(456538, 456658)","(158783, 158903)",1
190,/mnt/storage2/shuki/data/THEMIS/0015/0015.MP4,"(305691, 305811)","(74342, 74462)","(169474, 169594)",0
191,/mnt/storage2/shuki/data/THEMIS/0015/0015.MP4,"(450749, 450869)","(32237, 32357)","(2289, 2409)",2
192,/mnt/storage2/shuki/data/THEMIS/0015/0015.MP4,"(175830, 175950)","(299879, 299999)","(78249, 78369)",0
193,/mnt/storage2/shuki/data/THEMIS/0015/0015.MP4,"(354337, 354457)","(370399, 370519)","(190815, 190935)",0
194,/mnt/storage2/shuki/data/THEMIS/0015/0015.MP4,"(152954, 153074)","(65672, 65792)","(72108, 72228)",0
195,/mnt/storage2/shuki/data/THEMIS/0015/0015.MP4,"(448287, 448407)","(376350, 376470)","(177681, 177801)",0
196,/mnt/storage2/shuki/data/THEMIS/0015/0015.MP4,"(8984, 9104)","(123591, 123711)","(419320, 419440)",0
197,/mnt/storage2/shuki/data/THEMIS/0015/0015.MP4,"(205189, 205309)","(369287, 369407)","(213057, 213177)",2
198,/mnt/storage2/shuki/data/THEMIS/0015/0015.MP4,"(175506, 175626)","(10271, 10391)","(170047, 170167)",0
199,/mnt/storage2/shuki/data/THEMIS/0015/0015.MP4,"(111178, 111298)","(463428, 463548)","(57526, 57646)",2
200,/mnt/storage2/shuki/data/THEMIS/0015/0015.MP4,"(415912, 416032)","(243978, 244098)","(352050, 352170)",0
201,/mnt/storage2/shuki/data/THEMIS/0015/0015.MP4,"(324328, 324448)","(115419, 115539)","(282426, 282546)",0
202,/mnt/storage2/shuki/data/THEMIS/0015/0015.MP4,"(327438, 327558)","(346986, 347106)","(236325, 236445)",0
203,/mnt/storage2/shuki/data/THEMIS/0015/0015.MP4,"(70571, 70691)","(334358, 334478)","(437730, 437850)",0
204,/mnt/storage2/shuki/data/THEMIS/0015/0015.MP4,"(118782, 118902)","(458696, 458816)","(427217, 427337)",0
""
,video_file,anchor,sample1,sample2,selected
0,/mnt/storage2/shuki/data/THEMIS/0015/0015.MP4,"(102935, 103055)","(267112, 267232)","(461296, 461416)",0
